{"cameraMode":{"drawMode":0,"name":"Shaded","section":"Shading Mode"},"sceneLighting":false,"audioPlay":false,"sceneViewState":{"m_AlwaysRefresh":false,"showFog":true,"showSkybox":false,"showFlares":true,"showImageEffects":true,"showParticleSystems":true,"showVisualEffectGraphs":true,"m_FxEnabled":true},"in2DMode":false,"pivot":{"x":0.0007208585739135742,"y":0.000399172306060791,"z":2.149918794631958},"rotation":{"x":0.07642489671707154,"y":0.002992772264406085,"z":-0.00022986227122601122,"w":0.997072696685791},"size":1.347665786743164,"orthographic":false}