{"cameraMode":{"drawMode":0,"name":"Shaded","section":"Shading Mode"},"sceneLighting":false,"audioPlay":false,"sceneViewState":{"m_AlwaysRefresh":false,"showFog":true,"showSkybox":true,"showFlares":true,"showImageEffects":true,"showParticleSystems":true,"showVisualEffectGraphs":true,"m_FxEnabled":true},"in2DMode":false,"pivot":{"x":1104.3658447265625,"y":-404.06878662109377,"z":-16.097837448120118},"rotation":{"x":0.12273784726858139,"y":0.7014314532279968,"z":-0.12459767609834671,"w":0.6909292936325073},"size":591.7989501953125,"orthographic":false}