{"cameraMode":{"drawMode":0,"name":"Shaded","section":"Shading Mode"},"sceneLighting":false,"audioPlay":false,"sceneViewState":{"m_AlwaysRefresh":false,"showFog":true,"showSkybox":true,"showFlares":true,"showImageEffects":true,"showParticleSystems":true,"showVisualEffectGraphs":true,"m_FxEnabled":true},"in2DMode":false,"pivot":{"x":1.195419430732727,"y":-0.08828258514404297,"z":9.12448501586914},"rotation":{"x":0.1274600476026535,"y":0.00030809896998107433,"z":-0.00004173668276052922,"w":0.9918398857116699},"size":10.156786918640137,"orthographic":false}