{"cameraMode":{"drawMode":0,"name":"Shaded","section":"Shading Mode"},"sceneLighting":false,"audioPlay":false,"sceneViewState":{"m_AlwaysRefresh":false,"showFog":true,"showSkybox":true,"showFlares":true,"showImageEffects":true,"showParticleSystems":true,"showVisualEffectGraphs":true,"m_FxEnabled":true},"in2DMode":false,"pivot":{"x":0.5933906435966492,"y":0.7366082668304443,"z":2.587522029876709},"rotation":{"x":0.07642489671707154,"y":0.002992772264406085,"z":-0.00022986227122601122,"w":0.997072696685791},"size":3.4089975357055666,"orthographic":false}