{"cameraMode":{"drawMode":0,"name":"Shaded","section":"Shading Mode"},"sceneLighting":false,"audioPlay":false,"sceneViewState":{"m_AlwaysRefresh":false,"showFog":true,"showSkybox":true,"showFlares":true,"showImageEffects":true,"showParticleSystems":true,"showVisualEffectGraphs":true,"m_FxEnabled":true},"in2DMode":false,"pivot":{"x":1.2683035135269166,"y":1.2995834350585938,"z":0.8880802989006043},"rotation":{"x":0.2120107263326645,"y":0.32129406929016116,"z":-0.07404377311468125,"w":0.9199681282043457},"size":2.758082389831543,"orthographic":false}