{"cameraMode":{"drawMode":0,"name":"Shaded","section":"Shading Mode"},"sceneLighting":false,"audioPlay":false,"sceneViewState":{"m_AlwaysRefresh":false,"showFog":true,"showSkybox":true,"showFlares":true,"showImageEffects":true,"showParticleSystems":true,"showVisualEffectGraphs":true,"m_FxEnabled":true},"in2DMode":false,"pivot":{"x":0.695537805557251,"y":0.41609954833984377,"z":9.254749298095704},"rotation":{"x":0.1274600476026535,"y":0.00030809896998107433,"z":-0.00004173668276052922,"w":0.9918398857116699},"size":9.007880210876465,"orthographic":false}