{"cameraMode":{"drawMode":0,"name":"Shaded","section":"Shading Mode"},"sceneLighting":false,"audioPlay":false,"sceneViewState":{"m_AlwaysRefresh":false,"showFog":true,"showSkybox":true,"showFlares":true,"showImageEffects":true,"showParticleSystems":true,"showVisualEffectGraphs":true,"m_FxEnabled":true},"in2DMode":false,"pivot":{"x":-0.9666823744773865,"y":0.15916770696640016,"z":2.5076441764831545},"rotation":{"x":0.07642489671707154,"y":0.002992772264406085,"z":-0.00022986227122601122,"w":0.997072696685791},"size":2.7199320793151857,"orthographic":false}