{"cameraMode":{"drawMode":0,"name":"Shaded","section":"Shading Mode"},"sceneLighting":false,"audioPlay":false,"sceneViewState":{"m_AlwaysRefresh":false,"showFog":true,"showSkybox":true,"showFlares":true,"showImageEffects":true,"showParticleSystems":true,"showVisualEffectGraphs":true,"m_FxEnabled":true},"in2DMode":false,"pivot":{"x":4.0697102546691898,"y":2.0615806579589845,"z":25.34307289123535},"rotation":{"x":0.13318759202957154,"y":0.05676649138331413,"z":-0.007644003722816706,"w":0.9894319176673889},"size":26.2778263092041,"orthographic":false}