{"cameraMode":{"drawMode":0,"name":"Shaded","section":"Shading Mode"},"sceneLighting":false,"audioPlay":false,"sceneViewState":{"m_AlwaysRefresh":false,"showFog":true,"showSkybox":true,"showFlares":true,"showImageEffects":true,"showParticleSystems":true,"showVisualEffectGraphs":true,"m_FxEnabled":true},"in2DMode":false,"pivot":{"x":-0.917211651802063,"y":-0.7651557922363281,"z":7.24516487121582},"rotation":{"x":0.1437559425830841,"y":-0.026408741250634195,"z":0.003835492767393589,"w":0.9892489910125732},"size":6.8348259925842289,"orthographic":false}