{"cameraMode":{"drawMode":0,"name":"Shaded","section":"Shading Mode"},"sceneLighting":false,"audioPlay":false,"sceneViewState":{"m_AlwaysRefresh":false,"showFog":true,"showSkybox":true,"showFlares":true,"showImageEffects":true,"showParticleSystems":true,"showVisualEffectGraphs":true,"m_FxEnabled":true},"in2DMode":false,"pivot":{"x":29.119966506958009,"y":17.16234588623047,"z":16.21589469909668},"rotation":{"x":0.11857344210147858,"y":-0.21679528057575227,"z":0.026536745950579644,"w":0.9686214923858643},"size":17.482280731201173,"orthographic":false}