{"cameraMode":{"drawMode":0,"name":"Shaded","section":"Shading Mode"},"sceneLighting":true,"audioPlay":false,"sceneViewState":{"m_AlwaysRefresh":false,"showFog":true,"showSkybox":true,"showFlares":true,"showImageEffects":true,"showParticleSystems":true,"showVisualEffectGraphs":true,"m_FxEnabled":true},"in2DMode":false,"pivot":{"x":1.0971349477767945,"y":2.7964656352996828,"z":-10.557727813720704},"rotation":{"x":0.06322266906499863,"y":-0.03710872679948807,"z":0.002352506620809436,"w":0.9972884058952332},"size":0.8660253882408142,"orthographic":false}