{"cameraMode":{"drawMode":0,"name":"Shaded","section":"Shading Mode"},"sceneLighting":true,"audioPlay":false,"sceneViewState":{"m_AlwaysRefresh":false,"showFog":true,"showSkybox":true,"showFlares":true,"showImageEffects":true,"showParticleSystems":true,"showVisualEffectGraphs":true,"m_FxEnabled":true},"in2DMode":false,"pivot":{"x":-5.240250110626221,"y":6.0298357009887699,"z":-4.547448635101318},"rotation":{"x":0.18652844429016114,"y":0.11126817762851715,"z":-0.021635660901665689,"w":0.9758592247962952},"size":0.8660255670547485,"orthographic":false}