{"cameraMode":{"drawMode":0,"name":"Shaded","section":"Shading Mode"},"sceneLighting":false,"audioPlay":false,"sceneViewState":{"m_AlwaysRefresh":false,"showFog":true,"showSkybox":true,"showFlares":true,"showImageEffects":true,"showParticleSystems":true,"showVisualEffectGraphs":true,"m_FxEnabled":true},"in2DMode":false,"pivot":{"x":11.095592498779297,"y":-2.0521230697631838,"z":12.369951248168946},"rotation":{"x":0.11857344210147858,"y":-0.21679528057575227,"z":0.026536745950579644,"w":0.9686214923858643},"size":23.27414894104004,"orthographic":false}