{"cameraMode":{"drawMode":0,"name":"Shaded","section":"Shading Mode"},"sceneLighting":false,"audioPlay":false,"sceneViewState":{"m_AlwaysRefresh":false,"showFog":true,"showSkybox":true,"showFlares":true,"showImageEffects":true,"showParticleSystems":true,"showVisualEffectGraphs":true,"m_FxEnabled":true},"in2DMode":false,"pivot":{"x":3.683483839035034,"y":-5.805934906005859,"z":23.215709686279298},"rotation":{"x":0.13318759202957154,"y":0.05676649138331413,"z":-0.007644003722816706,"w":0.9894319176673889},"size":14.594929695129395,"orthographic":false}