{"cameraMode":{"drawMode":0,"name":"Shaded","section":"Shading Mode"},"sceneLighting":false,"audioPlay":false,"sceneViewState":{"m_AlwaysRefresh":false,"showFog":true,"showSkybox":false,"showFlares":true,"showImageEffects":true,"showParticleSystems":true,"showVisualEffectGraphs":true,"m_FxEnabled":true},"in2DMode":false,"pivot":{"x":-0.6337069869041443,"y":-0.008747011423110962,"z":-0.19318699836730958},"rotation":{"x":0.07642489671707154,"y":0.002992772264406085,"z":-0.00022986227122601122,"w":0.997072696685791},"size":1.0668870210647584,"orthographic":false}