{"cameraMode":{"drawMode":0,"name":"Shaded","section":"Shading Mode"},"sceneLighting":false,"audioPlay":false,"sceneViewState":{"m_AlwaysRefresh":false,"showFog":true,"showSkybox":false,"showFlares":true,"showImageEffects":true,"showParticleSystems":true,"showVisualEffectGraphs":true,"m_FxEnabled":true},"in2DMode":false,"pivot":{"x":0.02608776092529297,"y":-0.016471296548843385,"z":-0.0008554458618164063},"rotation":{"x":0.3840247690677643,"y":0.030767356976866723,"z":-0.013156410306692124,"w":0.9226936101913452},"size":0.8660243153572083,"orthographic":false}